[
  {
    "registered": "2025-05-17T10:32:18.272Z",
    "fname": "Stark",
    "lname": "Santo",
    "occupation_cat": "Healthcare",
    "occupation": "Massage Therapist",
    "email": "stark@gmail.com",
    "setpassword": "111"
  },
  {
    "registered": "2025-05-17T12:28:53.232Z",
    "fname": "Tim",
    "lname": "Cook",
    "occupation_cat": "Scientific",
    "occupation": "Engineer",
    "email": "timzaza@gmail.com",
    "setpassword": "timinwza"
  },
  {
    "registered": "2025-05-17T13:05:52.832Z",
    "fname": "Star",
    "lname": "Jotus",
    "occupation_cat": "Healthcare",
    "occupation": "Health professional",
    "email": "star@gmail.com",
    "setpassword": "123"
  },
  {
    "fname": "นายธนกร",
    "lname": "กันอูบ",
    "occupation_cat": "Computer",
    "occupation": "Software Developer",
    "email": "tanakorngo63@gmail.com",
    "setpassword": "copy2548"
  },
  {
    "fname": "นายธนกร",
    "lname": "กันอูบ",
    "occupation_cat": "Healthcare",
    "occupation": "Health professional",
    "email": "tanakorn@gmail.com",
    "setpassword": "copy2548"
  }
]